group2,mean_value,grid_dist
2,32.91411024519919,7
2,13.301441338573783,14
2,4.442695132050833,21
2,1.3750666853372657,28
