sS_DO,sS_GR,sM_DO,sM_GR,phi,rho,sigma,ll,pset
5.36531387488712e-4,752.7343647396274,1.2443973085021145,68.50359333973209,28.704974815020645,0.10079003333155176,0.5,-296.69519673709516,2
