sS_DO,sS_GR,sM_DO,sM_GR,phi,rho,sigma,ll,pset
1.0775658661152156e-5,1395.5986117629925,5.949658124256009,60.65752812293519,22.36130796877121,0.10067383568546212,0.5,-276.71616943885505,7
